"conta","texto","url","data"
"BolsonaroSP","O aluno tem que respeitar a autoridade do professor, ele est√° em sala de aula para aprender e n√£o para fazer o que bem entender. Quantos de n√≥s n√£o passamos por situa√ß√µes que a √©poca ach√°vamos desagrad√°veis, mas hoje agradecemos nossos pais por terem nos posto naquela escola? https://twitter.com/paulomartins10/status/1115650516707618817","https://twitter.com/BolsonaroSP/status/1115687535957749760","2019-04-09 14:46:51 EDT"
"jairbolsonaro","Sempre de cora√ß√£o aberto, desta vez falamos na Confer√™ncia Nacional de Munic√≠pios do Brasil. http://youtu.be/QNuKT_AXmZQ","https://twitter.com/jairbolsonaro/status/1115682938312699905","2019-04-09 14:28:35 EDT"
"BolsonaroSP","Ao vivo agora sess√£o da CCJ que analisa a admissibilidade e constitucionalidade da PEC n¬∫ 6 (Nova Previd√™ncia): https://www2.camara.leg.br/atividade-legislativa/webcamara/ao-vivo/transmissoes-do-dia/aoVivoSinais?codReuniao=54984","https://twitter.com/BolsonaroSP/status/1115680506102845447","2019-04-09 14:18:55 EDT"
"Marceloalvaroan","22¬™ Marcha a Bras√≠lia em Defesa dos Munic√≠pios. Este trabalho integrado entre governo federal e prefeituras √© fundamental para o Brasil desenvolver todo o seu potencial tur√≠stico. √â nos munic√≠pios que o nosso setor vira realidade. #CNM #GovernoFederal #MTur #turismo https://t.co/8j674FTFYd","https://twitter.com/Marceloalvaroan/status/1115667580063289344","2019-04-09 13:27:33 EDT"
"tarcisiogdf","Outro an√∫ncio importante: estamos iniciando, junto ao @governope, um estudo de viabilidade para a abertura de capital do Porto de Suape. H√° um movimento de quebra de paradigma na gest√£o dos portos brasileiros na busca de modelos de gest√£o mais flex√≠veis e eficientes.","https://twitter.com/tarcisiogdf/status/1115656902845902855","2019-04-09 12:45:08 EDT"
"BolsonaroSP","Em atendimento a empreendedores imobili√°rios uma reclama√ß√£o frequente: a corrup√ß√£o como condi√ß√£o para conseguir empr√©stimo banc√°rio. Combat√™-la significa moralizar o procedimento e garantir um pre√ßo mais justo ao consumidor final. https://t.co/FX1I6EDwbM","https://twitter.com/BolsonaroSP/status/1115656233191653376","2019-04-09 12:42:28 EDT"
"OsmarTerra","√â de cortar o cora√ß√£o https://twitter.com/nilson_nilson/status/1115421178695495680","https://twitter.com/OsmarTerra/status/1115654756977057795","2019-04-09 12:36:36 EDT"
"tarcisiogdf","Assinando, neste momento, 10 contratos de ades√£o em portos no Amazonas, Amap√°, Par√°, Rio Grande do Norte e Santa Catarina. Outros dois de arrendamento em Santos (SP) e Itaqui (MA). Investimento total de R$ 647 mi feitos pela iniciativa privada. Mais informa√ß√µes: @portosdobrasil https://t.co/If7wuzPePj","https://twitter.com/tarcisiogdf/status/1115638012027842563","2019-04-09 11:30:04 EDT"
"DamaresAlves","Luiza participa voluntariamente. Ser√° nossa inspira√ß√£o. Psic√≥logos, psiquiatras e outros profissionais tamb√©m estar√£o conosco. Conto com voc√™s para que nossa campanha alcance, pelas redes sociais, o maior n√∫mero poss√≠vel de fam√≠lias. #AcolhaaVida","https://twitter.com/DamaresAlves/status/1115634127913533441","2019-04-09 11:14:38 EDT"
"CarlosBolsonaro","Chuvas e irresponsabilidades trazem este tipo de resultado ao Rio. Novo, √© o Prefeito culpar o Presidente com pouco mais de 3 meses de mandato e realizando o que pode pelo pa√≠s. Meus sentimentos ao carioca. Seguimos cobrando e propondo solu√ß√µes como sempre participamos.","https://twitter.com/CarlosBolsonaro/status/1115633015630307329","2019-04-09 11:10:13 EDT"
"FlavioBolsonaro","Trag√©dias como a resultante das fortes chuvas que atingem o RJ, somente ser√£o amenizadas quando houver preven√ß√£o permanente, como mantendo livres as vias pluviais da cidade para evitar alagamentos ‚Äì o que, mais uma vez, n√£o ocorreu. Meus sentimentos √†s fam√≠lias das v√≠timas.","https://twitter.com/FlavioBolsonaro/status/1115627414938423297","2019-04-09 10:47:57 EDT"
"DamaresAlves","Um refor√ßo de peso para nossa campanha. Pais, respons√°veis, professores, profissionais de sa√∫de e de seguran√ßa p√∫blica, fa√ßo um apelo. Precisamos nos unir para salvar nossas crian√ßas e adolescentes. #AcolhaaVida https://www1.folha.uol.com.br/colunas/monicabergamo/2019/04/luiza-brunet-vai-estrelar-campanha-de-damares-contra-suicidio.shtml","https://twitter.com/DamaresAlves/status/1115622336747773953","2019-04-09 10:27:46 EDT"
"onyxlorenzoni","Presidente falando aos prefeitos. https://t.co/tcSu1CZRxK","https://twitter.com/onyxlorenzoni/status/1115613357900468226","2019-04-09 09:52:06 EDT"
"onyxlorenzoni","Marcha dos Prefeitos. üáßüá∑ https://t.co/XMfTZoKBAq","https://twitter.com/onyxlorenzoni/status/1115606751041150976","2019-04-09 09:25:51 EDT"
"BolsonaroSP","Ontem a esquerda pegou um trecho de uma palestra do Prof. Arthur, distorceu, falou que era o Prof. Abraham e tentou viralizar. Hoje, ao que parece, o Correio Braziliense errou a foto do novo Ministro Abraham na capa e botou foto de seu irm√£o Arthur... ü§î https://t.co/3A5FjyQh1K","https://twitter.com/BolsonaroSP/status/1115606708124971013","2019-04-09 09:25:40 EDT"
"Astro_Pontes","I posted a new video to Facebook https://www.facebook.com/astronauta.marcospontes/videos/569926893502204/","https://twitter.com/Astro_Pontes/status/1115606280217825280","2019-04-09 09:23:58 EDT"
"tarcisiogdf","Reuni√£o com o senador @esperidiaoamin_ para tratar da infraestrutura de SC, incluindo quest√µes referentes ao Contorno de Florian√≥polis e rodovias como BR-101 e BR-470. Nosso foco √© priorizar obras que melhorem a vida das pessoas, atuando sempre em prol do interesse p√∫blico https://t.co/HtTQfjC0gp","https://twitter.com/tarcisiogdf/status/1115605958871240704","2019-04-09 09:22:42 EDT"
"Astro_Pontes","Essa √© apenas uma de muitas perguntas que me fazem diariamente. O acordo amea√ßa a nossa soberania? N√£o. Abs https://twitter.com/mctic/status/1115602988305772544","https://twitter.com/Astro_Pontes/status/1115605260322529283","2019-04-09 09:19:55 EDT"
"Astro_Pontes","Reconhe√ßo o cen√°rio de grandes dificuldades p/ os pesquisadores brasileiros. ""Sabemos que, do ponto de vista or√ßament√°rio, 2019 n√£o ser√° um ano f√°cil, mas j√° estamos trabalhando para recuperar o prest√≠gio da ci√™ncia brasileira"" https://revistagalileu.globo.com/Revista/noticia/2019/04/2019-nao-sera-um-ano-facil-entrevista-com-o-ministro-marcos-pontes.html","https://twitter.com/Astro_Pontes/status/1115603008782340096","2019-04-09 09:10:58 EDT"
"tarcisiogdf","Confirmo mesmo. E estamos incluindo, em toda nova estrutura√ß√£o de concess√£o de rodovia, a obriga√ß√£o de constru√ß√£o de pontos de parada para caminhoneiros. Seguimos uma orienta√ß√£o do presidente @jairbolsonaro de ter um maior cuidado com a qualidade de vida destes profissionais https://twitter.com/B2Caminhoneiro/status/1115266546455203840","https://twitter.com/tarcisiogdf/status/1115593044961550336","2019-04-09 08:31:23 EDT"
"jairbolsonaro","Nos pr√≥ximos dias realizaremos um ‚ÄúRevoga√ßo‚Äù, anulando centenas de decretos desnecess√°rios que hoje s√≥ servem para dar volume ao nosso j√° inchado Estado e criar burocracias que s√≥ atrapalham. Daremos continuidade ao processo. Vamos desregulamentar e diminuir o excesso de regras!","https://twitter.com/jairbolsonaro/status/1115591497674395648","2019-04-09 08:25:14 EDT"
"Astro_Pontes","I posted a new video to Facebook https://www.facebook.com/astronauta.marcospontes/videos/1098213433720334/","https://twitter.com/Astro_Pontes/status/1115590124295806978","2019-04-09 08:19:46 EDT"
"SF_Moro","O epis√≥dio confirma que, quando as for√ßas de seguran√ßa p√∫blica, federais e estaduais, se integram e atuam juntas n√£o h√° como o crime organizado fazer frente. Abaixo um link da √©poca. Continuo a retrospectiva adiante. https://www.justica.gov.br/news/collective-nitf-content-1546628900.09","https://twitter.com/SF_Moro/status/1115583448809443328","2019-04-09 07:53:15 EDT"
"SF_Moro","O pico dos ataques foi no dia 06 de janeiro (74), mas at√© o final do m√™s os ataques ficaram escassos. Recentemente, no dia 01/04, houve uma tentativa extempor√¢nea de novo atentado e que resultou apenas na pris√£o dos envolvidos, conforme not√≠cia que j√° postei anteriormente aqui.","https://twitter.com/SF_Moro/status/1115583447681130496","2019-04-09 07:53:15 EDT"
"SF_Moro","Como se aproximam os cem dias de Governo do Presidente Jair Bolsonaro, vou aproveitar para lembrar algumas atua√ß√µes do MJSP desde janeiro.","https://twitter.com/SF_Moro/status/1115583443298127872","2019-04-09 07:53:14 EDT"
"SF_Moro","Disponibilizamos vagas em pres√≠dios federais, transportamos e isolamos as lideran√ßas das organiza√ß√µes criminosas. O Governo Estadual tamb√©m fez um excelente trabalho.","https://twitter.com/SF_Moro/status/1115583446586396672","2019-04-09 07:53:14 EDT"
"SF_Moro","O Governo Federal e o Governo Estadual uniram-se e agiram r√°pido. Enviamos a For√ßa Nacional j√° no dia 04/01. Tamb√©m enviamos uma for√ßa de interven√ß√£o penitenci√°ria para vasculhar e controlar pres√≠dios. PF e PRF intensificaram seus trabalhos no Cear√°.","https://twitter.com/SF_Moro/status/1115583445395177472","2019-04-09 07:53:14 EDT"
"SF_Moro","J√° na primeira semana de Governo, surgiu a crise de seguran√ßa no Estado do Cear√°. Grupos criminosos organizados se uniram para atacar alvos civis e intimidar a sociedade e o poder p√∫blico. Tentaram at√© explodir pontes e viadutos.","https://twitter.com/SF_Moro/status/1115583444275347456","2019-04-09 07:53:14 EDT"
"jairbolsonaro","O governo do quinto maior pa√≠s do mundo em pouco menos de 100 dias tem feito de tudo e far√° muito mais para que a popula√ß√£o sinta que est√° sendo atendida. Esta √© a linha de nossos esfor√ßos. Assista o v√≠deo: https://t.co/10wy7aCE1X","https://twitter.com/jairbolsonaro/status/1115560686686543872","2019-04-09 06:22:48 EDT"
"BolsonaroSP","Ela foi acusada por uma revista de ser um rob√¥ devido ao seu comportamento altamento ativo nas redes sociais pr√≥ JB. Igual a ela certamente existem v√°rios outros casos de an√¥nimos que batalharam como nunca nas elei√ß√µes de 2018. At√© hoje parte da imprensa n entendeu este movimento https://twitter.com/mariang69423516/status/1114619533229162497","https://twitter.com/BolsonaroSP/status/1115530991265882112","2019-04-09 04:24:48 EDT"
"GeneralMourao","Ainda em Washington, participei de uma ""mesa redonda"" com empres√°rios e investidores norte-americanos na @USChamber , refor√ßando os temas apresentadas para outros CEO's na visita do Presidente @jairbolsonaro , em especial a #NovaPrevid√™ncia e outras reformas em curso no Brasil. https://t.co/BYeRfDdOOx","https://twitter.com/GeneralMourao/status/1115441734253731840","2019-04-08 22:30:08 EDT"
"BolsonaroSP","Quando disse que o problema do Oriente M√©dio √© o suporte que o Ir√£ d√° a grupos terroristas √© sobre isso que estou falanso. Assista. https://twitter.com/idf/status/1115267423551332355","https://twitter.com/BolsonaroSP/status/1115437091180228608","2019-04-08 22:11:41 EDT"
"BolsonaroSP","Isso que √© meta! üëèüëèüëè https://twitter.com/tarcisiogdf/status/1115389437263978498","https://twitter.com/BolsonaroSP/status/1115435699849895936","2019-04-08 22:06:09 EDT"
"BolsonaroSP","Afastar Carlos de Jair Bolsonaro seria um tremendo erro que s√≥ interessa a parte da imprensa incentivar. Combater o sistema significa uma luta di√°ria, ranger de dentes e etc. Sab√≠amos que seria assim. Vamos adiante! üáßüá∑üëä https://twitter.com/carlosbolsonaro/status/1115406639031566337","https://twitter.com/BolsonaroSP/status/1115435481855135744","2019-04-08 22:05:17 EDT"
"BolsonaroSP","Conhe√ßa um pouco do novo Ministro da Educa√ß√£o, Prof. Abraham Weintraub concursado da UNIFESP. https://t.co/Y0OlT2dvby","https://twitter.com/BolsonaroSP/status/1115434592427814912","2019-04-08 22:01:45 EDT"
"SF_Moro","Hoje, eu e minha equipe nos reunimos com o Senador Marcos do Val e a equipe dele para discutir o projeto de lei anticrime. Ele √© o Relator de um dos projetos no Senado. Muito boa conversa. https://t.co/PIlbowKWux","https://twitter.com/SF_Moro/status/1115412736639369217","2019-04-08 20:34:54 EDT"
"CarlosBolsonaro","Sabemos da import√¢ncia de cada brasileiro no intuito de n√£o deixar o Brasil se tornar numa Venezuela nas √∫ltimas elei√ß√µes. Pai, muito obrigado pela considera√ß√£o que compartilho com todos os brasileiros e que de certa forma contribuem e confiam no trabalho do senhor! Seguimos! https://t.co/AEqBpspURO","https://twitter.com/CarlosBolsonaro/status/1115406639031566337","2019-04-08 20:10:40 EDT"
"GeneralMourao","Na conversa que tive hoje com o @VP Mike Pence, em Washington-EUA, pudemos nos conhecer e abrir canais de di√°logo entre os vice-presidentes e refor√ßamos os temas abordados no encontro extremamente gratificante do Presidente @jairbolsonaro com o Presidente @realDonaldTrump https://t.co/QZ9yLygH2a","https://twitter.com/GeneralMourao/status/1115393855636037632","2019-04-08 19:19:52 EDT"
"jairbolsonaro","08/04/2019 - Entrevista in√©dita cedida a @augustosnunes da Jovem Pan sobre temas atuais. Assista: http://youtu.be/FSOAahACt_Y","https://twitter.com/jairbolsonaro/status/1115393682583298048","2019-04-08 19:19:11 EDT"
"tarcisiogdf","Cumprimos a meta de conceder 23 ativos (aeroportos, portos e Ferrovia Norte-Sul) nos 100 primeiros dias de governo @jairbolsonaro. Hoje apresentamos uma nova estrat√©gia. Tornar o Brasil l√≠der em infraestrutura da Am√©rica Latina. Saiba mais aqui: @MInfraestrutura üáßüá∑üõ£üõ§‚úàÔ∏è https://t.co/TLSC3HWEcg","https://twitter.com/tarcisiogdf/status/1115389437263978498","2019-04-08 19:02:19 EDT"
"onyxlorenzoni","Falando sobre Liberdade! #ForumdaLiberdade https://t.co/Lju6JBtnSR","https://twitter.com/onyxlorenzoni/status/1115386135394639874","2019-04-08 18:49:12 EDT"
"DamaresAlves","Vamos incentivar os jovens do Brasil a empreenderem, principalmente em rela√ß√£o a novas tecnologias. https://twitter.com/DHumanosBrasil/status/1113868843972218881","https://twitter.com/DamaresAlves/status/1115381911747272704","2019-04-08 18:32:25 EDT"
"BolsonaroSP","Salom√£o n√£o tinha discurso de √≥dio, ele pediu a Deus sabedoria. Surra significa desbancar o tolo q come√ßou a discuss√£o igualmente tola. Busco guardar este prov√©rbio comigo. A todos os n√£o tolos cabe o debate para convencer atrav√©s de argumentos. Pena q nem todos pensem assim... https://t.co/bOGVVHYuYc","https://twitter.com/BolsonaroSP/status/1115376001159245824","2019-04-08 18:08:56 EDT"
"DamaresAlves","Orgulho de meu presidente. https://twitter.com/jairbolsonaro/status/1115328534271221760","https://twitter.com/DamaresAlves/status/1115373039682752513","2019-04-08 17:57:09 EDT"
"DamaresAlves","Quem me conhece sabe o carinho que tenho pelo povo cigano. Brasileiros e brasileiras at√© ent√£o invis√≠veis e que agora ter√£o a aten√ß√£o toda especial deste governo. Esta √© a determina√ß√£o de @jairbolsonaro . Ningu√©m fica para tr√°s. https://twitter.com/SEPPIR/status/1115234823990337536","https://twitter.com/DamaresAlves/status/1115370859819098113","2019-04-08 17:48:30 EDT"
"FlavioBolsonaro","Sem qualquer pudor a esquerda exalta um criminoso. Tirem suas pr√≥prias conclus√µes, a imagem circula na internet e faz voltar a pergunta: QUEM MANDOU MATAR BOLSONARO? https://twitter.com/bolsonarosp/status/1115329510461906945","https://twitter.com/FlavioBolsonaro/status/1115354189822144512","2019-04-08 16:42:15 EDT"
"DamaresAlves","Em breve, os produtos da empresa devem trazer a divulga√ß√£o do Ligue 180, principal canal para reportar casos de viol√™ncia contra a mulher. Tamb√©m queremos aproveitar a capilaridade das promotoras para incentivar den√∫ncias. #SalveUmaMulher","https://twitter.com/DamaresAlves/status/1115342370772586499","2019-04-08 15:55:17 EDT"
"BolsonaroSP","Meu Deus!!! Na melhor das hip√≥teses ent√£o h√° a√≠ uma vidente e n√£o uma jornalista. Podem pedir a ela os n√∫meros da mega-sena tamb√©m, garantia de sucesso com 12 dias de anteced√™ncia ou seu dinheiro de volta! https://t.co/hdRTxwOmtY","https://twitter.com/BolsonaroSP/status/1115341923705925640","2019-04-08 15:53:31 EDT"
"DamaresAlves","Acompanhada da secret√°ria Nacional de Pol√≠ticas para Mulheres, Tia Eron, recebi hoje as equipes da Avon e do Instituto Avon. Discutimos parcerias no combate √† viol√™ncia dom√©stica e em outras a√ß√µes priorit√°rias deste Minist√©rio. #SalveUmaMulher #P√°triaAmadaBrasil https://t.co/l6WPYsDUGw","https://twitter.com/DamaresAlves/status/1115341486890074114","2019-04-08 15:51:47 EDT"
"BolsonaroSP","Excelente sinal! Esquerdistas em polvorosa pela nomea√ß√£o do Prof. Abraham Weintraub! E eles j√° est√£o confundindo o Abraham com o Arthur mas, √© claro, essa confus√£o √© sem querer talkei (ironia).Assim q eles perceberam v√£o pedir desculpas e assumir a fake news que est√£o divulgando","https://twitter.com/BolsonaroSP/status/1115338254755217408","2019-04-08 15:38:56 EDT"
"BolsonaroSP","Algu√©m surpreso? Broche ""Ad√©lio vive"". *Via @SnapBolsonaro https://t.co/sIRnuPv06J","https://twitter.com/BolsonaroSP/status/1115329510461906945","2019-04-08 15:04:11 EDT"
"jairbolsonaro","Agrade√ßo desde j√° pela honrosa homenagem! https://t.co/gbfnwFrpSA","https://twitter.com/jairbolsonaro/status/1115328534271221760","2019-04-08 15:00:19 EDT"
"BolsonaroSP","Visitei o Hosp. Fornecedores de Cana de Piracicaba,q atende 70% SUS e que com uma de nossas emendas comprou aparelhos de hemodi√°lise. Al√©m de fiscalizar a destina√ß√£o correta dos recursos pude ver um hospital de alta qualidade com elogios vindos dos pacientes. Parab√©ns a todos!üëè https://t.co/WmhkCyo4Uc","https://twitter.com/BolsonaroSP/status/1115327865086726144","2019-04-08 14:57:39 EDT"
"CarlosBolsonaro","Ser√° que a grobo news vai dar mais import√¢ncia a esta not√≠cia ou vai procurar falar em videntes e mais desinforma√ß√µes sobre Governo Bolsonaro? https://twitter.com/jairbolsonaro/status/1115185430901788672","https://twitter.com/CarlosBolsonaro/status/1115324164129329152","2019-04-08 14:42:57 EDT"
"tarcisiogdf","Ap√≥s conclu√≠da a concess√£o de 23 ativos nestes 100 primeiros dias do governo @jairbolsonaro, estou neste momento apresentando a nova estrat√©gia do @MInfraestrutura. Transmitimos ao vivo pelo http://instagram.com/tarcisiogdf https://t.co/ycVoMCnDht","https://twitter.com/tarcisiogdf/status/1115323643217743873","2019-04-08 14:40:52 EDT"
"BolsonaroSP","Abraham √© mestre pela GV e tem MBA internacional.","https://twitter.com/BolsonaroSP/status/1115322567399751680","2019-04-08 14:36:36 EDT"
"CarlosBolsonaro","Afirmaram que Bolsonaro havia decidido algo sobre Ministro da Educa√ß√£o h√° duas semanas. O Presidente decidiu hoje. Enquanto isso, nada estava certo, √≥bvio. N√£o h√° o que discutir, at√© porque jornalista e ‚Äúisent√£o‚Äù distorcendo e mentindo para prejudica-lo n√£o √© novidade alguma.","https://twitter.com/CarlosBolsonaro/status/1115320309434015747","2019-04-08 14:27:38 EDT"
"BolsonaroSP","Entrevista de JAIR BOLSONARO hoje 18:00h, na @radiojovempan para @augustosnunes . https://twitter.com/jairbolsonaro/status/1115296078222569473","https://twitter.com/BolsonaroSP/status/1115307868952174593","2019-04-08 13:38:12 EDT"
"BolsonaroSP","Um fato ocorrido em 2017 como novo Ministro da Educa√ß√£o, Abraham Weintraub, e uma parte de seu curr√≠culo e posi√ß√µes que ocupou com base em seu m√©rito pr√≥prio: https://t.co/jxo0vcOshU","https://twitter.com/BolsonaroSP/status/1115307165248577537","2019-04-08 13:35:24 EDT"
"BolsonaroSP","Vale a pena relembrar o @Datafolha uma semana antes do 1¬∫ turno üòÇüëè https://t.co/Ov1P4IfoC1","https://twitter.com/BolsonaroSP/status/1115304885182976000","2019-04-08 13:26:20 EDT"
"jairbolsonaro","Hoje, segunda-feira, √†s 18hs serei entrevistado por @augustosnunes , na Jovem Pan (TV JOVEM PAN). https://t.co/UP2sDXrpg1","https://twitter.com/jairbolsonaro/status/1115296078222569473","2019-04-08 12:51:20 EDT"
"jairbolsonaro","Corrigindo: Abraham possui mestrado em Administra√ß√£o na √°rea de Finan√ßas pela FGV e MBA Executivo Internacional pelo OneMBA, com t√≠tulo reconhecido pelas escolas: FGV/Brasil, RSM/Holanda, UNC/Estados Unidos, CUHK/China e EGADE-ITESM/M√©xico. üëç","https://twitter.com/jairbolsonaro/status/1115282445019095040","2019-04-08 11:57:10 EDT"
"BolsonaroSP","O MEC √© um minist√©rio complexo, acredito e confio que o novo ministro, um doutor professor universit√°rio, v√° desempenhar bem as suas fun√ß√µes e botar adiante a educa√ß√£o que o Brasil necessita para formar bons cientistas, trabalhadores e empreendedores üáßüá∑üëè https://twitter.com/jairbolsonaro/status/1115261421321883648","https://twitter.com/BolsonaroSP/status/1115275619363905539","2019-04-08 11:30:03 EDT"
"Astro_Pontes","Na Campus Party realizada em SP tive uma agenda pesada. Mas sempre reservo um tempo para uma entrevista... esta foi uma delas. https://www.youtube.com/watch?v=Qlvri8QVWpo Abra√ßos espaciais, Astronauta Marcos Pontes","https://twitter.com/Astro_Pontes/status/1115268144824766464","2019-04-08 11:00:21 EDT"
"jairbolsonaro","Comunico a todos a indica√ß√£o do Professor Abraham Weintraub ao cargo de Ministro da Educa√ß√£o. Abraham √© doutor, professor universit√°rio e possui ampla experi√™ncia em gest√£o e o conhecimento necess√°rio para a pasta. Aproveito para agradecer ao Prof. Velez pelos servi√ßos prestados.","https://twitter.com/jairbolsonaro/status/1115261421321883648","2019-04-08 10:33:38 EDT"
"tarcisiogdf","O @minfraestrutura determinou que uma equipe de t√©cnicos das √°reas de estrutura, or√ßamento e emerg√™ncia do @DNIToficial esteja √† disposi√ß√£o do Governo do Par√° no aux√≠lio √† reconstru√ß√£o do v√£o da ponte que fica sobre o rio Moju, em rodovia estadual, no acesso a Bel√©m. https://t.co/vnSXLqHqH1","https://twitter.com/tarcisiogdf/status/1115224012500668424","2019-04-08 08:04:59 EDT"
"BolsonaroSP","Ficou no passado quem acha que no Oriente M√©dio o inimigo √© Israel. Na verdade, o pa√≠s mais mal quisto do local √© o Ir√£ que d√° grande suporte a grupos terroristas e causa caos na regi√£o - n√£o √© a toa que est√° sob san√ß√µes. Cada vez mais Israel √© visto como um pa√≠s amigo l√°. https://twitter.com/jairbolsonaro/status/1115185430901788672","https://twitter.com/BolsonaroSP/status/1115212692971769856","2019-04-08 07:20:00 EDT"
"BolsonaroSP","Todos j√° conhecem o @Datafolha üòÇ https://t.co/b7xG9ah9jZ","https://twitter.com/BolsonaroSP/status/1115212252494422016","2019-04-08 07:18:15 EDT"
"rsallesmma","Estamos tentando converter a multa da VALE de R$ 250 milh√µes em investimentos em sete Parques Nacionais em MG, para infra-estrutura, trilhas, atividades e servi√ßos que as tornem mais atrativas para o ecoturismo atrav√©s de concess√£o futura. https://t.co/EdwKQCODax","https://twitter.com/rsallesmma/status/1115204572967051266","2019-04-08 06:47:44 EDT"
"Astro_Pontes","Caros amigos, No dia 28 de Mar√ßo participei de uma audi√™ncia no Senado, onde tive a oportunidade de apresentar aos parlamentares o Acordo de Salvaguardas Tecnol√≥gicas (AST) assinado pelo‚Ä¶ https://www.instagram.com/p/Bv_ca6gnZJs/?utm_source=ig_twitter_share&igshid=78ahh5mnnayb","https://twitter.com/Astro_Pontes/status/1115200690186477569","2019-04-08 06:32:18 EDT"
"CarlosBolsonaro","O apoiador do PT, o chup√£o na barriga que √© mestre em culpar os outros pelo desastre de quem sempre apoiou, e mirando homem que est√° invertendo o jogo. Mais empregos em janeiro e recorde em fevereiro. Quem tem varinha m√°gica √© s√≥ o Potter, esse ai j√° engoliu a dele faz tempo! https://twitter.com/ruirapina/status/1115168538787045376","https://twitter.com/CarlosBolsonaro/status/1115193915907477504","2019-04-08 06:05:23 EDT"
"CarlosBolsonaro","At√© quando v√£o cair na narrariva destes espertalh√µes? Imobilizaram uma mulher que queria matar algu√©m com algo parecido com a faca que o ex-integrante do PSOL tentou assassinar Bolsonaro... √© sempre tudo montadinho! https://twitter.com/marcknho/status/1115039701398847488","https://twitter.com/CarlosBolsonaro/status/1115192366409891841","2019-04-08 05:59:14 EDT"
"jairbolsonaro","A necessidade de pa√≠ses - mesmo que n√£o ligados ideologicamente - de importar produtos baratos para controlar seus n√≠veis de infla√ß√£o, desfaz a narrativa de caos criada propositalmente por grande parte da m√≠dia para tentar desestabilizar o governo que n√£o lhe ‚Äúagrada‚Äù.","https://twitter.com/jairbolsonaro/status/1115185528369029120","2019-04-08 05:32:03 EDT"
"jairbolsonaro","O alinhamento do Governo Bolsonaro com Israel teve algum impacto sobre as exporta√ß√µes com os √°rab√©s? o faturamento dos exportadores para o per√≠odo foi o maior da hist√≥ria: R$ 2,3bilh√µes. http://youtu.be/1O2ivSO1j_Y","https://twitter.com/jairbolsonaro/status/1115185430901788672","2019-04-08 05:31:40 EDT"
"OsmarTerra","Mesmo quem diverge do Presidente Bolsonaro,tem de admitir que s√≥ ele teve a coragem de colocar um Paulo Guedes na Economia e um Sergio Moro na Justi√ßa. Com carta branca para agir! Isso √© muito maior e importante para o Brasil que qualquer outra discuss√£o.N√£o tem pre√ßo..!","https://twitter.com/OsmarTerra/status/1115089173260787717","2019-04-07 23:09:10 EDT"
"BolsonaroSP","Olha quem declarou apoio ao Lula falando em ""um ano de injusti√ßa""... https://twitter.com/nicolasmaduro/status/1115007015695339521","https://twitter.com/BolsonaroSP/status/1115038782754119681","2019-04-07 19:48:56 EDT"
"BolsonaroSP","Por pouco n√£o perdemos parte da nossa hist√≥ria! Repare tb no pioneirismo de Olavo, uma voz quase solit√°ria no passado e que hoje colhe credibilidade. Assim como a esquerda quer reescrever o passado ela quer destruir a reputa√ß√£o de @opropriolavo *1964: http://www.brasilparalelo.com.br https://t.co/xFavM71vhM","https://twitter.com/BolsonaroSP/status/1115038648926449666","2019-04-07 19:48:24 EDT"
"jairbolsonaro","üëçüèª https://twitter.com/tarcisiogdf/status/1114907589140258816","https://twitter.com/jairbolsonaro/status/1115008829941534731","2019-04-07 17:49:55 EDT"
"BolsonaroSP","Quem se lembra? *Instagram: bolsonaroSP https://t.co/Ral7oAAOSp","https://twitter.com/BolsonaroSP/status/1115004430942969857","2019-04-07 17:32:26 EDT"
"CarlosBolsonaro","Como ser sincero e humilde e como uma m√≠dia suja explora de forma negativa e sorrateira uma coloca√ß√£o que na verdade demonstra totalmente o contr√°rio, expondo o jogo sujo que fazem 24h por dia com o presidente que n√£o lhes d√° o que querem. Assista e tire suas conclus√µes: https://t.co/TxqbCBuPBx","https://twitter.com/CarlosBolsonaro/status/1114987169230336000","2019-04-07 16:23:51 EDT"
"GeneralMourao","Hoje, na Brazil Conference At Harvard & MIT (Massachussetts Institute of Technology), em Boston-EUA, fiz a Confer√™ncia Magistral do Painel +Di√°logo: os 100 primeiros dias. Destaquei as prioridades do governo @jairbolsonaro e tive oportunidade de responder perguntas de estudantes. https://t.co/rK4iUi1Mmv","https://twitter.com/GeneralMourao/status/1114982861185089536","2019-04-07 16:06:44 EDT"
"jairbolsonaro","Depois de o Datafolha publicar que ""Lula e Dilma s√£o mais inteligentes do que Bolsonaro"", um pouco de como o povo me trata: https://t.co/aOfzHM4PHR","https://twitter.com/jairbolsonaro/status/1114972042330292225","2019-04-07 15:23:44 EDT"
"BolsonaroSP","Acredite, h√° algumas pessoas que pensam mais no poder do que no Brasil. #novaprevidencia #1tri https://t.co/V3iN5Eo40U","https://twitter.com/BolsonaroSP/status/1114960385826861058","2019-04-07 14:37:25 EDT"
"DamaresAlves","Por que o minist√©rio de Damares √© o mais inovador do governo Bolsonaro ‚Äì e merece mais aten√ß√£o https://www.semprefamilia.com.br/blog-da-vida/por-que-o-ministerio-de-damares-e-o-mais-inovador-do-governo-bolsonaro-e-merece-mais-atencao/","https://twitter.com/DamaresAlves/status/1114947754193825793","2019-04-07 13:47:13 EDT"
"CarlosBolsonaro","Professor, o brasileiro est√° atento e sabe filtrar e tirar de bom qualquer mensagem que venha do senhor e que tentam a todo custo desmerece-la! Somos gratos e sempre atentos √†s suas palavras desde muito antes de elei√ß√µes! Um forte abra√ßo! https://twitter.com/opropriolavo/status/1114895361582215169","https://twitter.com/CarlosBolsonaro/status/1114917708045398017","2019-04-07 11:47:50 EDT"
"BolsonaroSP","Deslisou o dedo no teclado sem querer e pronto! Apareceu na tela os dados do Jair Bolsonaro. Mas foi s√≥ coinSSId√™nsia t√°... üòâüëç https://twitter.com/renovamidia/status/1114905868020142081","https://twitter.com/BolsonaroSP/status/1114911983269228544","2019-04-07 11:25:05 EDT"
"BolsonaroSP","Meu Deus!!! üòÇüòÇüòÇüòÇüòÇüòÇ https://t.co/i4DeFvQl3x","https://twitter.com/BolsonaroSP/status/1114911255691710470","2019-04-07 11:22:12 EDT"
"jairbolsonaro","Kkkkkkkk https://t.co/sVv5vNGdvu","https://twitter.com/jairbolsonaro/status/1114908335529132033","2019-04-07 11:10:35 EDT"
"tarcisiogdf","Avia√ß√£o civil j√° cresce acima de 6% comparada a 2018. Nos principais aeroportos, chegamos a n√≠veis de 2011, auge do setor. Somos 5o mercado mundial, com potencial para 3o. Precisamos consolidar abertura de capital estrangeiro nas cias pra assegurar competi√ß√£o e equilibrar tarifas","https://twitter.com/tarcisiogdf/status/1114907589140258816","2019-04-07 11:07:37 EDT"
"BolsonaroSP","Se perguntar o que √© fascista a√≠ ningu√©m sabe. https://twitter.com/brasil_paralelo/status/1114897566217527302","https://twitter.com/BolsonaroSP/status/1114898858532900864","2019-04-07 10:32:56 EDT"
"BolsonaroSP","Em Primavera do Leste-MT conheci como uma cidade cresce e se torna pujante gra√ßas ao trabalho dos agricultores. A miss√£o do governo √© n√£o atrapalhar o que est√° dando certo e melhorar a infraestrutura para escoamento dos produtos. https://t.co/H3ZlY27ItU","https://twitter.com/BolsonaroSP/status/1114898821761388545","2019-04-07 10:32:47 EDT"
"jairbolsonaro","O @mdregional_br trabalha para o desenvolvimento sustent√°vel na produ√ß√£o do cacau no Par√° e na Bahia. Veja iniciativas interessantes junto de universidades e setores que desenvolvem trabalho nesta √°rea. Analise as interessantes iniciativas e tire suas conclus√µes: https://t.co/2692ulRJ36","https://twitter.com/jairbolsonaro/status/1114889965941477376","2019-04-07 09:57:36 EDT"
"SF_Moro","Objetivo, melhorar a lei para permitir que agentes policiais brasileiros possam atuar de maneira disfar√ßada e revelar grandes esquemas de venda de drogas, armas ou de lavagem de dinheiro e que o criminoso assim descoberto v√° para a pris√£o.","https://twitter.com/SF_Moro/status/1114884819861823493","2019-04-07 09:37:09 EDT"
"SF_Moro","Paralelamente, investiremos em treinamento e capacita√ß√£o de nossos agentes. Alerta, o objetivo √© revelar esquemas criminoso pr√©-existentes e expor organiza√ß√µes criminosas, uma armadilha para o criminoso incauto. Funciona l√° fora, vai funcionar aqui.","https://twitter.com/SF_Moro/status/1114884821044596736","2019-04-07 09:37:09 EDT"
"SF_Moro","E que a participa√ß√£o de um policial disfar√ßado em uma opera√ß√£o de lavagem n√£o exclui o crime.","https://twitter.com/SF_Moro/status/1114884817601073154","2019-04-07 09:37:08 EDT"
"SF_Moro","No projeto de lei, deixamos claro que vender ou entregar drogas ou armas para um policial disfar√ßado √© um crime e n√£o algo imposs√≠vel, como alguns entendem com base na legisla√ß√£o ultrapassada.","https://twitter.com/SF_Moro/status/1114884815994654721","2019-04-07 09:37:08 EDT"
"SF_Moro","Pois bem, precisamos deixar a lei brasileira mais clara para que agentes policiais no Brasil possam fazer o mesmo.","https://twitter.com/SF_Moro/status/1114884814946086912","2019-04-07 09:37:08 EDT"
"SF_Moro","Projeto de lei anticrime. Medidas simples e eficazes contra o crime. J√° assistiu aqueles filmes norte-americanos com agentes policiais disfar√ßados infiltrando-se em gangues de criminosos, traficantes ou corruptos? Como Donnie Brasco ou The Infiltrator e que retratam casos reais.","https://twitter.com/SF_Moro/status/1114882943586119682","2019-04-07 09:29:41 EDT"
"SF_Moro","Ontem, fiquei devendo o v√≠deo integral sobre as dez mensagens da campanha ""Fa√ßa a coisa certa, sempre"". Pode ser visto em https://bit.ly/2uOffll","https://twitter.com/SF_Moro/status/1114880903677992960","2019-04-07 09:21:35 EDT"
"rsallesmma","Qualidade ambiental urbana: temos que resolver problemas de reciclagem e destina√ß√£o de lixo, saneamento e qualidade do ar, dentre outros! https://twitter.com/jairbolsonaro/status/1114709377720705024","https://twitter.com/rsallesmma/status/1114878689974607872","2019-04-07 09:12:47 EDT"
"ernestofaraujo","Grandes manifesta√ß√µes anti-Maduro: povo venezuelano n√£o se intimida e seguir√° rumo √† democracia liderado por Guaid√≥. Brasil tampouco se intimida e atuar√° c/ parceiros democr√°ticos pelo fim do regime criminoso. Venezuela n√£o ser√° cabe√ßa-de-ponte do totalitarismo na Am√©rica do Sul. https://t.co/hWW6vvrTmF","https://twitter.com/ernestofaraujo/status/1114873777513484289","2019-04-07 08:53:16 EDT"
"jairbolsonaro","O @mdregional_br trabalha para o desenvolvimento sustent√°vel na produ√ß√£o do cacau no Par√° e na Bahia. Veja iniciativas interessante junto de universidades e grupos interessados que desenvolvem trabalho neste setor. Analise as interessantes iniciativas e tire suas conclus√µes: https://t.co/WVpxFrRQf2","https://twitter.com/jairbolsonaro/status/1114843113326022656","2019-04-07 06:51:25 EDT"
"jairbolsonaro","O @mdregional_br trabalha para o desenvolvimento sustent√°vel na produ√ß√£o do cacau no Par√° e na Bahia. Veja iniciativas interessante junto de universidades e grupos interessados que desenvolvem trabalho neste setor. Analise os interessantes iniciativas e tire suas conclus√µes: https://t.co/4hS9DCqj5G","https://twitter.com/jairbolsonaro/status/1114843037803393024","2019-04-07 06:51:07 EDT"
"GeneralMourao","Foi uma alegria encontrar os estudantes brasileiros na Universidade de Harvard e os bolsistas brasileiros patrocinados pela Funda√ß√£o Lemann, pesquisadores de diversas √°reas importantes para o desenvolvimento do Brasil. https://t.co/w7h7RgLjSV","https://twitter.com/GeneralMourao/status/1114719041036398593","2019-04-06 22:38:24 EDT"
"jairbolsonaro","A proposta da Ind√∫stria do cimento para a redu√ß√£o da emiss√£o de carbono em quase 35% √© discutida em Bras√≠lia. O ministro do @mmeioambiente , Ricardo Salles, participou do evento e defendeu a qualidade ambiental urbana no pa√≠s. @TVNBR https://t.co/4uIl6SNWOE","https://twitter.com/jairbolsonaro/status/1114709377720705024","2019-04-06 22:00:00 EDT"
"GeneralMourao","A viagem a Boston e Washington √© fundamental para dar prosseguimento aos esfor√ßos de informar √†s comunidades americana e internacional das a√ß√µes do @governodobrasil ""To show the flag..."" https://t.co/QfIvpBXL6k","https://twitter.com/GeneralMourao/status/1114686828613967873","2019-04-06 20:30:24 EDT"
"CarlosBolsonaro","A regi√£o sudeste a qual fa√ßo parte agradece. Qalquer movimento em prol do cuidado dos verdadeiros humanos direitos ser√° agradecido por todos os brasileiros. Ass: Carlos Bolsonaro (Vereador e vive Presidente da Comiss√£o dos Direitos Humanos da cidade do Rio de Janeiro) https://twitter.com/jairbolsonaro/status/1114539189771624449","https://twitter.com/CarlosBolsonaro/status/1114677310349807617","2019-04-06 19:52:35 EDT"
"jairbolsonaro","Socialismo √© para uma minoria de espertos viverem √†s custas do trabalho dos outros. De Cuba um brasileiro desafia os cr√≠ticos do capitalismo a viverem com U$ 30 por m√™s. http://youtu.be/Tk3VBRq4hQg","https://twitter.com/jairbolsonaro/status/1114665895685701632","2019-04-06 19:07:13 EDT"
"BolsonaroSP","Ano passado fui com Dep. Nicoletti (PSL-RR) e Direita Roraima na fronteira com a Venezuela. A hist√≥ria √© sempre a mesma: n√£o h√° mais cachorros de rua para se comer... https://t.co/emgix5MF22","https://twitter.com/BolsonaroSP/status/1114660076252487680","2019-04-06 18:44:06 EDT"
"BolsonaroSP","Sequestro √© visto como instrumento pol√≠tico da narcoditadura de @NicolasMaduro . E tem gente que ainda acha que d√° para ter elei√ß√µes livres com esse tipo de gente no poder... ü§¶‚Äç‚ôÇÔ∏è https://twitter.com/pr1merojusticia/status/1114567767368306688","https://twitter.com/BolsonaroSP/status/1114649201051361281","2019-04-06 18:00:53 EDT"
"BolsonaroSP","As express√µes homofobia e gordofobia foram criadas n√£o p/ defender um grupo de pessoas e sim p/ que pudessem rotular opositores pol√≠ticos. Toda vez q a sociedade √© segmentada no momento seguinte surge um pol√≠tico dizendo defend√™-los. N se debatem ideias. Resultado: polariza√ß√£o!","https://twitter.com/BolsonaroSP/status/1114648623357341697","2019-04-06 17:58:35 EDT"
"jairbolsonaro","- O Col√©gio Militar de S√£o Paulo come√ßa a sair do papel. - Ex√©rcito, Marinha, Aeron√°utica e empres√°rios de S√£o Paulo, juntos na constru√ß√£o do CMSP. https://t.co/TvO790g75d","https://twitter.com/jairbolsonaro/status/1114614551834779648","2019-04-06 15:43:12 EDT"
"SF_Moro","Parab√©ns aos agentes da PRF. Tirar a droga de circula√ß√£o reduz o poder do crime organizado e protege nossa juventude. Congratula√ß√£o especial merece a K9 Stella. Animais fant√°sticos. https://twitter.com/PRFBrasil/status/1114574090130608128","https://twitter.com/SF_Moro/status/1114609073805320192","2019-04-06 15:21:26 EDT"
"BolsonaroSP","E assim v√£o devassando nossas vidas ilegalmente, vazam propositalmente para a imprensa e a√≠ a narrativa j√° est√° pronta. Sab√≠amos que seria assim, mas √© preciso fazer esses maus funcion√°rios sentirem o peso da lei! Ningu√©m est√° acima e nem abaixo da lei. https://twitter.com/jairbolsonaro/status/1114312952839135232","https://twitter.com/BolsonaroSP/status/1114596287134011399","2019-04-06 14:30:37 EDT"
"BolsonaroSP","O ca√ßador √© o √∫nico predador dos java-porcos. O tema passa longe de ser maldade com os animais, √© um tema de controle. Via @rsallesmma Os javalis e java-porcos s√£o animais ex√≥ticos,foram indevidamente introduzidos aqui, destroem nascentes, atacam pessoas e transmitem doen√ßas. https://t.co/PfFKvRnG5S","https://twitter.com/BolsonaroSP/status/1114570754090262529","2019-04-06 12:49:10 EDT"
"jairbolsonaro","17 Conselhos da Pessoa Idosa receberam refor√ßo para o trabalho. Kits com computadores, impressora e carro foram entregues aos munic√≠pios pelo Minist√©rio da Mulher, da Fam√≠lia e dos Direitos Humanos nas regi√µes Norte, Nordeste, Sul e Sudeste. Mais faremos sempre! @DamaresAlves https://t.co/83JgVVOq72","https://twitter.com/jairbolsonaro/status/1114539189771624449","2019-04-06 10:43:44 EDT"
"rsallesmma","Os javalis e java-porcos s√£o animais ex√≥ticos, que foram indevidamente introduzidos e soltos, se proliferam sem controle e n√£o possuem predador natural. Destroem nascentes, atacam pessoas e animais e ainda transmitem doen√ßas como febre maculosa. Precisam ser manejados (ca√ßados).","https://twitter.com/rsallesmma/status/1114534021416062977","2019-04-06 10:23:12 EDT"
"rsallesmma","https://t.co/iAEl82Kjvq","https://twitter.com/rsallesmma/status/1114529716675993600","2019-04-06 10:06:06 EDT"
"tarcisiogdf","Mais uma equipe do @DNIToficial de parab√©ns pela prontid√£o no atendimento emergencial. Bom trabalho do DNIT/MA. https://twitter.com/DNIToficial/status/1114340492592996354","https://twitter.com/tarcisiogdf/status/1114520119164776449","2019-04-06 09:27:57 EDT"
"BolsonaroSP",". @lcoutinho","https://twitter.com/BolsonaroSP/status/1114515030530195457","2019-04-06 09:07:44 EDT"
"BolsonaroSP","Nossa! Que surpresa! Lula e Dilma emprestaram R$ 14bi para Venezuela, Cuba e Mo√ßambique e agora eles n√£o v√£o nos pagar. Ou melhor, sabem que vai pagar? O FAT (fundo de amparo ao trabalhador). E tem gente que ainda acredita que o PT defende os pobres e trabalhadores...ü§¶‚Äç‚ôÇÔ∏è https://twitter.com/srtalawyerbr17/status/1114302020595400704","https://twitter.com/BolsonaroSP/status/1114511864971636739","2019-04-06 08:55:09 EDT"
"BolsonaroSP","TERRORISMO, VENEZUELA E LEI DE IMIGRA√á√ÉO BRASILEIRA DE 2018. Come√ßamos a colher os frutos da lei de imigra√ß√£o do Sen. Aloysio Nunes (PSDB-SP) e relatoria do Dep. Orlando Silva (PCdoB-SP) na C√¢mara aprovada ano passado. https://t.co/TPBgaFFc3B","https://twitter.com/BolsonaroSP/status/1114510927787954176","2019-04-06 08:51:26 EDT"
"SF_Moro","10 - Participe da gest√£o do Minist√©rio. A Ouvidoria √© o nosso canal.","https://twitter.com/SF_Moro/status/1114507604028481536","2019-04-06 08:38:14 EDT"
"SF_Moro","9 - A sociedade quer a√ß√£o do agente p√∫blico, nunca acomoda√ß√£o.","https://twitter.com/SF_Moro/status/1114507469861076992","2019-04-06 08:37:42 EDT"
"SF_Moro","8 - Se tiver que escolher entre o f√°cil e o certo, opte pelo certo.","https://twitter.com/SF_Moro/status/1114507374243516416","2019-04-06 08:37:19 EDT"
"BolsonaroSP","Bacana as palavras de Amado Batista para o Presidente. Certamente s√£o os votos de muitos brasileiros tamb√©m üëè *Via @planalto https://t.co/Wfwpr2HSzO","https://twitter.com/BolsonaroSP/status/1114507246178832384","2019-04-06 08:36:48 EDT"
"SF_Moro","7 - N√≥s n√£o devemos receber presentes ou qualquer outra vantagem pessoal.","https://twitter.com/SF_Moro/status/1114507217368223744","2019-04-06 08:36:41 EDT"
"SF_Moro","6 - O interesse p√∫blico deve sempre prevalecer.","https://twitter.com/SF_Moro/status/1114507073772052481","2019-04-06 08:36:07 EDT"
"SF_Moro","5 - Respeite o colega de trabalho. Trate todos com urbanidade.","https://twitter.com/SF_Moro/status/1114506927843753984","2019-04-06 08:35:32 EDT"
"SF_Moro","4 - O Poder p√∫blico n√£o √© um neg√≥cio de fam√≠lia.","https://twitter.com/SF_Moro/status/1114506790891290626","2019-04-06 08:35:00 EDT"
"SF_Moro","3 - A transpar√™ncia √© a nossa regra, sigilo √© exce√ß√£o.","https://twitter.com/SF_Moro/status/1114506667570401280","2019-04-06 08:34:30 EDT"
"SF_Moro","2- O combate √† impunidade √© nosso dever.","https://twitter.com/SF_Moro/status/1114506510598574081","2019-04-06 08:33:53 EDT"
"SF_Moro","As dez mensangens: 1 - Todos somos respons√°veis pela integridade, reputa√ß√£o e imagem do Minist√©rio.","https://twitter.com/SF_Moro/status/1114506302041088000","2019-04-06 08:33:03 EDT"
"SF_Moro","As 10 mensagens: 1 - Todos n√≥s somos respons√°veis pela integridade, reputa√ß√£o e imagem do Minist√©rio.","https://twitter.com/SF_Moro/status/1114506119576268800","2019-04-06 08:32:20 EDT"
"SF_Moro","Uma iniciativa (a campanha) simples mas da qual eu e os demais respons√°veis nos orgulhamos.","https://twitter.com/SF_Moro/status/1114500610878058496","2019-04-06 08:10:26 EDT"
"SF_Moro","Lan√ßamos a campanha com uma palestra do Leandro Karnal (muito brilhante) e do Deputado Marcelo Calero, esta para ele relatar aquele epis√≥dio no Governo anterior e no qual preferiu se demitir do que atender solicita√ß√£o ilegal de colega Ministro.","https://twitter.com/SF_Moro/status/1114499920231317504","2019-04-06 08:07:42 EDT"
"SF_Moro","https://t.co/9BcRRkZ2yM","https://twitter.com/SF_Moro/status/1114498923836710912","2019-04-06 08:03:44 EDT"
"CarlosBolsonaro","Nova Previd√™ncia: For√ßas Policiais e Militares merecem aten√ß√£o na aposentadoria? Assista a explica√ß√£o do t√©cnico especialista, Arthur Weintraub sobre o assunto exposto, e tire suas conclus√µes. http://youtu.be/82cOghf4qNE","https://twitter.com/CarlosBolsonaro/status/1114498853112352769","2019-04-06 08:03:27 EDT"
"SF_Moro","""Fa√ßa a coisa certa, sempre"". Mensagens simples do que se deve fazer e n√£o fazer no servi√ßo p√∫blico.","https://twitter.com/SF_Moro/status/1114498398927892481","2019-04-06 08:01:39 EDT"
"SF_Moro","Uma das primeiras coisas que fizemos no MJSP foi realizar uma campanha interna para refor√ßar pr√°ticas √©ticas entre os servidores.","https://twitter.com/SF_Moro/status/1114498037563441153","2019-04-06 08:00:13 EDT"
"CarlosBolsonaro","Nova Previd√™ncia: For√ßas Policiais e Militares merecem aten√ß√£o na aposentadoria? Assista a explica√ß√£o dos t√©cnicos especialistas no assuntos, Arthur Weintraub e Bruno Bianco, sobre o assunto exposto. http://youtu.be/82cOghf4qNE","https://twitter.com/CarlosBolsonaro/status/1114494839079485443","2019-04-06 07:47:30 EDT"
